user_id,categorias_favoritas
u0000,pasabocas
u0001,despensa|dulces-y-postres
u0002,panaderia-y-pasteleria
u0003,carne-y-pollo
u0004,pescados-y-mariscos|panaderia-y-pasteleria
u0005,dulces-y-postres|lacteos-huevos-y-refrigerados|carne-y-pollo
u0006,despensa|charcuteria
u0007,pasabocas|frutas-y-verduras|despensa
u0008,charcuteria|carne-y-pollo
u0009,vinos-y-licores|pasabocas|bebidas
u0010,pasabocas
u0011,cuidado-personal|vinos-y-licores|bebidas
u0012,charcuteria|lacteos-huevos-y-refrigerados|panaderia-y-pasteleria
u0013,frutas-y-verduras|bebidas
u0014,frutas-y-verduras|panaderia-y-pasteleria|pescados-y-mariscos
u0015,pescados-y-mariscos|cuidado-personal
u0016,dulces-y-postres
u0017,dulces-y-postres|carne-y-pollo|vinos-y-licores
u0018,charcuteria
u0019,vinos-y-licores|lacteos-huevos-y-refrigerados
u0020,pasabocas
u0021,carne-y-pollo|lacteos-huevos-y-refrigerados
u0022,despensa|panaderia-y-pasteleria|pasabocas
u0023,panaderia-y-pasteleria|charcuteria|pescados-y-mariscos
u0024,carne-y-pollo|panaderia-y-pasteleria|bebidas
u0025,panaderia-y-pasteleria|dulces-y-postres|frutas-y-verduras
u0026,dulces-y-postres|frutas-y-verduras
u0027,carne-y-pollo
u0028,carne-y-pollo
u0029,vinos-y-licores|lacteos-huevos-y-refrigerados
u0030,dulces-y-postres|pasabocas|bebidas
u0031,frutas-y-verduras|carne-y-pollo
u0032,bebidas|cuidado-personal|frutas-y-verduras
u0033,charcuteria|cuidado-personal|despensa
u0034,charcuteria
u0035,pasabocas|bebidas|cuidado-personal
u0036,lacteos-huevos-y-refrigerados|carne-y-pollo
u0037,panaderia-y-pasteleria|vinos-y-licores
u0038,despensa|dulces-y-postres
u0039,charcuteria
u0040,carne-y-pollo|bebidas
u0041,pescados-y-mariscos|lacteos-huevos-y-refrigerados|dulces-y-postres
u0042,dulces-y-postres|carne-y-pollo|pescados-y-mariscos
u0043,carne-y-pollo|despensa
u0044,cuidado-personal
u0045,pescados-y-mariscos|frutas-y-verduras|despensa
u0046,carne-y-pollo|despensa
u0047,pasabocas|dulces-y-postres
u0048,charcuteria|pasabocas
u0049,pasabocas
u0050,panaderia-y-pasteleria
u0051,panaderia-y-pasteleria|cuidado-personal|despensa
u0052,carne-y-pollo|pasabocas
u0053,charcuteria|lacteos-huevos-y-refrigerados|cuidado-personal
u0054,carne-y-pollo|dulces-y-postres
u0055,pasabocas
u0056,vinos-y-licores|lacteos-huevos-y-refrigerados
u0057,lacteos-huevos-y-refrigerados
u0058,lacteos-huevos-y-refrigerados
u0059,lacteos-huevos-y-refrigerados
u0060,pasabocas|bebidas
u0061,carne-y-pollo|dulces-y-postres|bebidas
u0062,panaderia-y-pasteleria|carne-y-pollo
u0063,lacteos-huevos-y-refrigerados
u0064,carne-y-pollo|cuidado-personal|vinos-y-licores
u0065,cuidado-personal|lacteos-huevos-y-refrigerados
u0066,bebidas
u0067,vinos-y-licores
u0068,dulces-y-postres|vinos-y-licores
u0069,bebidas
u0070,dulces-y-postres
u0071,vinos-y-licores|pescados-y-mariscos|despensa
u0072,pasabocas|dulces-y-postres
u0073,dulces-y-postres|cuidado-personal|frutas-y-verduras
u0074,bebidas
u0075,pasabocas|bebidas
u0076,carne-y-pollo|cuidado-personal
u0077,carne-y-pollo
u0078,carne-y-pollo|lacteos-huevos-y-refrigerados
u0079,lacteos-huevos-y-refrigerados
u0080,pescados-y-mariscos|pasabocas|lacteos-huevos-y-refrigerados
u0081,vinos-y-licores|pescados-y-mariscos
u0082,bebidas
u0083,frutas-y-verduras
u0084,despensa|cuidado-personal
u0085,vinos-y-licores|panaderia-y-pasteleria
u0086,vinos-y-licores
u0087,cuidado-personal|lacteos-huevos-y-refrigerados
u0088,pescados-y-mariscos|vinos-y-licores|charcuteria
u0089,cuidado-personal|bebidas
u0090,pescados-y-mariscos|carne-y-pollo|pasabocas
u0091,pescados-y-mariscos|charcuteria|panaderia-y-pasteleria
u0092,cuidado-personal|bebidas
u0093,despensa|lacteos-huevos-y-refrigerados
u0094,vinos-y-licores|bebidas|panaderia-y-pasteleria
u0095,vinos-y-licores
u0096,carne-y-pollo|bebidas|charcuteria
u0097,carne-y-pollo|charcuteria|panaderia-y-pasteleria
u0098,bebidas|charcuteria|panaderia-y-pasteleria
u0099,lacteos-huevos-y-refrigerados|vinos-y-licores|cuidado-personal
u0100,vinos-y-licores|carne-y-pollo
u0101,charcuteria
u0102,carne-y-pollo
u0103,panaderia-y-pasteleria
u0104,carne-y-pollo|cuidado-personal|frutas-y-verduras
u0105,dulces-y-postres|despensa|charcuteria
u0106,panaderia-y-pasteleria
u0107,panaderia-y-pasteleria
u0108,carne-y-pollo|vinos-y-licores|despensa
u0109,despensa
u0110,cuidado-personal|dulces-y-postres|carne-y-pollo
u0111,vinos-y-licores
u0112,cuidado-personal|vinos-y-licores
u0113,bebidas|lacteos-huevos-y-refrigerados
u0114,lacteos-huevos-y-refrigerados
u0115,lacteos-huevos-y-refrigerados|carne-y-pollo|vinos-y-licores
u0116,vinos-y-licores
u0117,lacteos-huevos-y-refrigerados
u0118,vinos-y-licores
u0119,panaderia-y-pasteleria|dulces-y-postres|despensa
u0120,carne-y-pollo|lacteos-huevos-y-refrigerados|bebidas
u0121,pasabocas
u0122,charcuteria|despensa
u0123,frutas-y-verduras|pescados-y-mariscos|vinos-y-licores
u0124,despensa
u0125,despensa
u0126,despensa|carne-y-pollo|lacteos-huevos-y-refrigerados
u0127,dulces-y-postres
u0128,cuidado-personal|charcuteria
u0129,pasabocas|lacteos-huevos-y-refrigerados|vinos-y-licores
u0130,lacteos-huevos-y-refrigerados|bebidas|dulces-y-postres
u0131,pasabocas
u0132,cuidado-personal
u0133,vinos-y-licores|carne-y-pollo|pescados-y-mariscos
u0134,cuidado-personal
u0135,dulces-y-postres|carne-y-pollo
u0136,panaderia-y-pasteleria|bebidas
u0137,charcuteria
u0138,bebidas|lacteos-huevos-y-refrigerados|despensa
u0139,cuidado-personal|pasabocas|vinos-y-licores
u0140,vinos-y-licores|panaderia-y-pasteleria|pescados-y-mariscos
u0141,pescados-y-mariscos|carne-y-pollo
u0142,charcuteria
u0143,vinos-y-licores|frutas-y-verduras
u0144,bebidas
u0145,despensa
u0146,carne-y-pollo|pasabocas|dulces-y-postres
u0147,bebidas
u0148,panaderia-y-pasteleria|pescados-y-mariscos
u0149,vinos-y-licores|pescados-y-mariscos|panaderia-y-pasteleria
u0150,pasabocas
u0151,panaderia-y-pasteleria|lacteos-huevos-y-refrigerados
u0152,vinos-y-licores|panaderia-y-pasteleria
u0153,dulces-y-postres|cuidado-personal|frutas-y-verduras
u0154,despensa|panaderia-y-pasteleria|vinos-y-licores
u0155,cuidado-personal
u0156,carne-y-pollo
u0157,carne-y-pollo|dulces-y-postres
u0158,despensa|charcuteria
u0159,panaderia-y-pasteleria|despensa
u0160,despensa|charcuteria
u0161,cuidado-personal
u0162,lacteos-huevos-y-refrigerados|pasabocas|pescados-y-mariscos
u0163,cuidado-personal|dulces-y-postres|frutas-y-verduras
u0164,lacteos-huevos-y-refrigerados|charcuteria
u0165,dulces-y-postres|pasabocas
u0166,cuidado-personal
u0167,panaderia-y-pasteleria
u0168,charcuteria
u0169,lacteos-huevos-y-refrigerados|frutas-y-verduras
u0170,lacteos-huevos-y-refrigerados|carne-y-pollo|pescados-y-mariscos
u0171,frutas-y-verduras|lacteos-huevos-y-refrigerados
u0172,panaderia-y-pasteleria|pescados-y-mariscos
u0173,pasabocas|vinos-y-licores|carne-y-pollo
u0174,panaderia-y-pasteleria|vinos-y-licores
u0175,pasabocas|bebidas|cuidado-personal
u0176,carne-y-pollo
u0177,charcuteria|frutas-y-verduras
u0178,frutas-y-verduras
u0179,frutas-y-verduras
u0180,dulces-y-postres|panaderia-y-pasteleria
u0181,pasabocas|lacteos-huevos-y-refrigerados|pescados-y-mariscos
u0182,lacteos-huevos-y-refrigerados
u0183,vinos-y-licores
u0184,panaderia-y-pasteleria|carne-y-pollo|vinos-y-licores
u0185,panaderia-y-pasteleria|lacteos-huevos-y-refrigerados
u0186,charcuteria|lacteos-huevos-y-refrigerados|panaderia-y-pasteleria
u0187,pasabocas|panaderia-y-pasteleria|pescados-y-mariscos
u0188,dulces-y-postres|vinos-y-licores|cuidado-personal
u0189,vinos-y-licores|carne-y-pollo|bebidas
u0190,panaderia-y-pasteleria|carne-y-pollo|cuidado-personal
u0191,vinos-y-licores|pasabocas|cuidado-personal
u0192,despensa
u0193,pescados-y-mariscos|bebidas
u0194,carne-y-pollo|despensa|pasabocas
u0195,frutas-y-verduras|vinos-y-licores|carne-y-pollo
u0196,panaderia-y-pasteleria
u0197,carne-y-pollo|bebidas
u0198,despensa|panaderia-y-pasteleria|cuidado-personal
u0199,dulces-y-postres
u0200,cuidado-personal
u0201,pescados-y-mariscos|panaderia-y-pasteleria
u0202,carne-y-pollo|despensa
u0203,pescados-y-mariscos
u0204,panaderia-y-pasteleria|pescados-y-mariscos|charcuteria
u0205,pescados-y-mariscos|bebidas
u0206,lacteos-huevos-y-refrigerados
u0207,bebidas|panaderia-y-pasteleria
u0208,vinos-y-licores|bebidas|charcuteria
u0209,charcuteria|panaderia-y-pasteleria|lacteos-huevos-y-refrigerados
u0210,lacteos-huevos-y-refrigerados
u0211,pescados-y-mariscos|vinos-y-licores|bebidas
u0212,pescados-y-mariscos|frutas-y-verduras|pasabocas
u0213,pescados-y-mariscos
u0214,bebidas
u0215,vinos-y-licores|pescados-y-mariscos|panaderia-y-pasteleria
u0216,pescados-y-mariscos|frutas-y-verduras|pasabocas
u0217,carne-y-pollo|charcuteria
u0218,dulces-y-postres|panaderia-y-pasteleria|pescados-y-mariscos
u0219,pescados-y-mariscos
u0220,carne-y-pollo|pasabocas
u0221,charcuteria
u0222,cuidado-personal
u0223,panaderia-y-pasteleria
u0224,pescados-y-mariscos|panaderia-y-pasteleria
u0225,bebidas|vinos-y-licores
u0226,bebidas
u0227,pescados-y-mariscos
u0228,despensa|lacteos-huevos-y-refrigerados
u0229,pasabocas|carne-y-pollo
u0230,lacteos-huevos-y-refrigerados|pescados-y-mariscos
u0231,panaderia-y-pasteleria|cuidado-personal
u0232,carne-y-pollo|despensa|dulces-y-postres
u0233,cuidado-personal|dulces-y-postres
u0234,lacteos-huevos-y-refrigerados|cuidado-personal
u0235,carne-y-pollo|pescados-y-mariscos
u0236,panaderia-y-pasteleria|dulces-y-postres
u0237,carne-y-pollo|despensa|vinos-y-licores
u0238,cuidado-personal|charcuteria|carne-y-pollo
u0239,despensa|frutas-y-verduras|lacteos-huevos-y-refrigerados
u0240,despensa
u0241,lacteos-huevos-y-refrigerados|charcuteria|pescados-y-mariscos
u0242,dulces-y-postres|bebidas|cuidado-personal
u0243,charcuteria
u0244,frutas-y-verduras
u0245,frutas-y-verduras|lacteos-huevos-y-refrigerados
u0246,lacteos-huevos-y-refrigerados|vinos-y-licores
u0247,cuidado-personal|charcuteria
u0248,charcuteria|frutas-y-verduras
u0249,vinos-y-licores|frutas-y-verduras
u0250,dulces-y-postres|vinos-y-licores|panaderia-y-pasteleria
u0251,vinos-y-licores
u0252,frutas-y-verduras|panaderia-y-pasteleria|dulces-y-postres
u0253,cuidado-personal
u0254,despensa|pasabocas
u0255,carne-y-pollo
u0256,bebidas
u0257,pasabocas|bebidas|panaderia-y-pasteleria
u0258,dulces-y-postres|cuidado-personal
u0259,bebidas|cuidado-personal|panaderia-y-pasteleria
u0260,pasabocas|panaderia-y-pasteleria
u0261,panaderia-y-pasteleria|despensa
u0262,lacteos-huevos-y-refrigerados
u0263,carne-y-pollo|despensa|dulces-y-postres
u0264,vinos-y-licores
u0265,dulces-y-postres|panaderia-y-pasteleria
u0266,carne-y-pollo|frutas-y-verduras|panaderia-y-pasteleria
u0267,cuidado-personal|frutas-y-verduras|bebidas
u0268,pescados-y-mariscos|dulces-y-postres|carne-y-pollo
u0269,pasabocas|vinos-y-licores
u0270,dulces-y-postres|charcuteria|pescados-y-mariscos
u0271,frutas-y-verduras|carne-y-pollo
u0272,cuidado-personal|pescados-y-mariscos|bebidas
u0273,dulces-y-postres
u0274,vinos-y-licores|dulces-y-postres
u0275,charcuteria
u0276,pescados-y-mariscos
u0277,frutas-y-verduras|charcuteria|bebidas
u0278,dulces-y-postres
u0279,lacteos-huevos-y-refrigerados|vinos-y-licores|dulces-y-postres
u0280,charcuteria
u0281,panaderia-y-pasteleria|lacteos-huevos-y-refrigerados|pasabocas
u0282,lacteos-huevos-y-refrigerados|pasabocas
u0283,panaderia-y-pasteleria|bebidas
u0284,dulces-y-postres|pasabocas|despensa
u0285,dulces-y-postres
u0286,panaderia-y-pasteleria|vinos-y-licores
u0287,dulces-y-postres|vinos-y-licores
u0288,lacteos-huevos-y-refrigerados
u0289,pescados-y-mariscos
u0290,frutas-y-verduras|cuidado-personal
u0291,pescados-y-mariscos|carne-y-pollo|dulces-y-postres
u0292,lacteos-huevos-y-refrigerados|pasabocas|frutas-y-verduras
u0293,despensa
u0294,charcuteria
u0295,bebidas
u0296,panaderia-y-pasteleria|pescados-y-mariscos
u0297,cuidado-personal|carne-y-pollo
u0298,despensa|bebidas
u0299,panaderia-y-pasteleria
u0300,frutas-y-verduras|panaderia-y-pasteleria
u0301,frutas-y-verduras|pasabocas|dulces-y-postres
u0302,pasabocas|frutas-y-verduras
u0303,vinos-y-licores
u0304,panaderia-y-pasteleria|dulces-y-postres
u0305,carne-y-pollo
u0306,pasabocas|panaderia-y-pasteleria
u0307,frutas-y-verduras|vinos-y-licores
u0308,pescados-y-mariscos|carne-y-pollo
u0309,cuidado-personal
u0310,panaderia-y-pasteleria|lacteos-huevos-y-refrigerados|pescados-y-mariscos
u0311,carne-y-pollo
u0312,bebidas
u0313,vinos-y-licores|panaderia-y-pasteleria
u0314,dulces-y-postres|pescados-y-mariscos|pasabocas
u0315,despensa
u0316,pasabocas
u0317,bebidas|charcuteria
u0318,panaderia-y-pasteleria|cuidado-personal
u0319,charcuteria|pasabocas
u0320,despensa
u0321,bebidas|despensa|carne-y-pollo
u0322,pasabocas|pescados-y-mariscos|lacteos-huevos-y-refrigerados
u0323,pasabocas|lacteos-huevos-y-refrigerados|despensa
u0324,lacteos-huevos-y-refrigerados|carne-y-pollo|charcuteria
u0325,bebidas|vinos-y-licores
u0326,panaderia-y-pasteleria
u0327,pasabocas|bebidas
u0328,frutas-y-verduras|vinos-y-licores|panaderia-y-pasteleria
u0329,frutas-y-verduras|pasabocas
u0330,panaderia-y-pasteleria|pasabocas|cuidado-personal
u0331,carne-y-pollo|despensa
u0332,pescados-y-mariscos|pasabocas
u0333,bebidas|despensa|lacteos-huevos-y-refrigerados
u0334,panaderia-y-pasteleria|frutas-y-verduras
u0335,pasabocas|cuidado-personal
u0336,carne-y-pollo|vinos-y-licores
u0337,vinos-y-licores
u0338,panaderia-y-pasteleria|vinos-y-licores|lacteos-huevos-y-refrigerados
u0339,charcuteria|pescados-y-mariscos
u0340,vinos-y-licores|carne-y-pollo
u0341,bebidas
u0342,frutas-y-verduras|charcuteria
u0343,dulces-y-postres
u0344,despensa|frutas-y-verduras|pasabocas
u0345,pasabocas|vinos-y-licores|pescados-y-mariscos
u0346,pescados-y-mariscos|charcuteria|cuidado-personal
u0347,cuidado-personal|pescados-y-mariscos
u0348,frutas-y-verduras
u0349,lacteos-huevos-y-refrigerados|vinos-y-licores|charcuteria
u0350,cuidado-personal
u0351,cuidado-personal|vinos-y-licores|charcuteria
u0352,bebidas|pasabocas
u0353,frutas-y-verduras
u0354,pasabocas
u0355,lacteos-huevos-y-refrigerados|panaderia-y-pasteleria
u0356,despensa|vinos-y-licores|pescados-y-mariscos
u0357,pasabocas
u0358,vinos-y-licores|pasabocas|charcuteria
u0359,frutas-y-verduras
u0360,carne-y-pollo
u0361,lacteos-huevos-y-refrigerados|cuidado-personal
u0362,pescados-y-mariscos|vinos-y-licores|dulces-y-postres
u0363,panaderia-y-pasteleria|carne-y-pollo|pasabocas
u0364,charcuteria
u0365,vinos-y-licores|bebidas
u0366,frutas-y-verduras
u0367,bebidas|cuidado-personal|vinos-y-licores
u0368,pasabocas|despensa
u0369,despensa|frutas-y-verduras|charcuteria
u0370,charcuteria|despensa
u0371,bebidas
u0372,carne-y-pollo
u0373,carne-y-pollo|pasabocas
u0374,frutas-y-verduras
u0375,dulces-y-postres
u0376,cuidado-personal
u0377,despensa|frutas-y-verduras
u0378,frutas-y-verduras|pasabocas
u0379,cuidado-personal
u0380,pescados-y-mariscos|charcuteria
u0381,cuidado-personal|frutas-y-verduras|charcuteria
u0382,vinos-y-licores
u0383,dulces-y-postres|bebidas
u0384,carne-y-pollo|lacteos-huevos-y-refrigerados|charcuteria
u0385,carne-y-pollo
u0386,vinos-y-licores
u0387,bebidas
u0388,panaderia-y-pasteleria|bebidas|carne-y-pollo
u0389,charcuteria|dulces-y-postres|frutas-y-verduras
u0390,lacteos-huevos-y-refrigerados
u0391,bebidas|dulces-y-postres|panaderia-y-pasteleria
u0392,dulces-y-postres|frutas-y-verduras
u0393,pescados-y-mariscos|vinos-y-licores|lacteos-huevos-y-refrigerados
u0394,vinos-y-licores
u0395,despensa|vinos-y-licores
u0396,pasabocas|bebidas|despensa
u0397,cuidado-personal
u0398,panaderia-y-pasteleria|carne-y-pollo
u0399,charcuteria
u0400,lacteos-huevos-y-refrigerados|despensa
u0401,pasabocas|bebidas|vinos-y-licores
u0402,panaderia-y-pasteleria|bebidas
u0403,lacteos-huevos-y-refrigerados|pescados-y-mariscos
u0404,panaderia-y-pasteleria
u0405,pescados-y-mariscos|carne-y-pollo|cuidado-personal
u0406,carne-y-pollo
u0407,lacteos-huevos-y-refrigerados|panaderia-y-pasteleria|carne-y-pollo
u0408,carne-y-pollo|vinos-y-licores|dulces-y-postres
u0409,bebidas|vinos-y-licores|frutas-y-verduras
u0410,carne-y-pollo|frutas-y-verduras
u0411,pescados-y-mariscos
u0412,dulces-y-postres|carne-y-pollo
u0413,cuidado-personal
u0414,despensa|lacteos-huevos-y-refrigerados|bebidas
u0415,lacteos-huevos-y-refrigerados|vinos-y-licores
u0416,bebidas
u0417,lacteos-huevos-y-refrigerados
u0418,charcuteria
u0419,panaderia-y-pasteleria|cuidado-personal|pasabocas
u0420,frutas-y-verduras
u0421,despensa|pasabocas
u0422,lacteos-huevos-y-refrigerados|pasabocas
u0423,pasabocas
u0424,pasabocas|carne-y-pollo|dulces-y-postres
u0425,bebidas|pasabocas|pescados-y-mariscos
u0426,vinos-y-licores|despensa
u0427,despensa|lacteos-huevos-y-refrigerados|panaderia-y-pasteleria
u0428,carne-y-pollo|despensa
u0429,charcuteria
u0430,carne-y-pollo|pescados-y-mariscos|vinos-y-licores
u0431,charcuteria
u0432,dulces-y-postres|pescados-y-mariscos
u0433,lacteos-huevos-y-refrigerados|pasabocas
u0434,dulces-y-postres|carne-y-pollo
u0435,panaderia-y-pasteleria|frutas-y-verduras
u0436,dulces-y-postres|despensa|carne-y-pollo
u0437,vinos-y-licores|panaderia-y-pasteleria|pasabocas
u0438,charcuteria
u0439,dulces-y-postres|panaderia-y-pasteleria
u0440,vinos-y-licores
u0441,cuidado-personal|panaderia-y-pasteleria|vinos-y-licores
u0442,lacteos-huevos-y-refrigerados|despensa
u0443,frutas-y-verduras|vinos-y-licores
u0444,despensa|bebidas
u0445,frutas-y-verduras|pescados-y-mariscos
u0446,charcuteria
u0447,vinos-y-licores|despensa
u0448,vinos-y-licores|cuidado-personal|carne-y-pollo
u0449,despensa
u0450,vinos-y-licores
u0451,charcuteria|carne-y-pollo|pescados-y-mariscos
u0452,despensa|pasabocas
u0453,vinos-y-licores|charcuteria
u0454,bebidas|dulces-y-postres
u0455,carne-y-pollo|charcuteria
u0456,dulces-y-postres
u0457,vinos-y-licores
u0458,lacteos-huevos-y-refrigerados
u0459,pasabocas|carne-y-pollo|despensa
u0460,cuidado-personal
u0461,pasabocas
u0462,pescados-y-mariscos
u0463,pasabocas|vinos-y-licores|carne-y-pollo
u0464,lacteos-huevos-y-refrigerados|pescados-y-mariscos
u0465,vinos-y-licores|carne-y-pollo
u0466,frutas-y-verduras
u0467,carne-y-pollo|pasabocas
u0468,vinos-y-licores|frutas-y-verduras|despensa
u0469,cuidado-personal
u0470,carne-y-pollo|vinos-y-licores
u0471,frutas-y-verduras|vinos-y-licores
u0472,pasabocas|charcuteria|despensa
u0473,pasabocas
u0474,pasabocas
u0475,charcuteria
u0476,despensa|pescados-y-mariscos
u0477,pescados-y-mariscos
u0478,cuidado-personal|despensa|carne-y-pollo
u0479,lacteos-huevos-y-refrigerados|carne-y-pollo
u0480,dulces-y-postres
u0481,charcuteria
u0482,lacteos-huevos-y-refrigerados|pescados-y-mariscos|carne-y-pollo
u0483,dulces-y-postres|cuidado-personal|frutas-y-verduras
u0484,charcuteria
u0485,carne-y-pollo
u0486,vinos-y-licores
u0487,pescados-y-mariscos
u0488,pasabocas
u0489,frutas-y-verduras
u0490,dulces-y-postres
u0491,dulces-y-postres|despensa
u0492,carne-y-pollo|despensa|cuidado-personal
u0493,vinos-y-licores
u0494,dulces-y-postres
u0495,pasabocas|vinos-y-licores|carne-y-pollo
u0496,carne-y-pollo|charcuteria|cuidado-personal
u0497,carne-y-pollo|vinos-y-licores
u0498,cuidado-personal
u0499,bebidas|frutas-y-verduras|dulces-y-postres
